{"state":"U.S. Total","dem_votes":81282916.0,"rep_votes":74223369.0,"dem_percent":0.5226985906,"rep_percent":0.4773014094,"margin":0.0453971812}