{"stateid":{"14":"AK","13":"AL","15":"AR","0":"AZ","16":"CA","17":"CO","18":"CT","20":"DC","19":"DE","1":"FL","2":"GA","21":"HI","3":"IA","22":"ID","23":"IL","24":"IN","25":"KS","26":"KY","27":"LA","30":"MA","29":"MD","28":"ME","4":"MI","5":"MN","32":"MO","31":"MS","33":"MT","8":"NC","38":"ND","34":"NE","7":"NH","35":"NJ","36":"NM","6":"NV","37":"NY","9":"OH","39":"OK","40":"OR","10":"PA","41":"RI","42":"SC","43":"SD","44":"TN","11":"TX","45":"UT","47":"VA","46":"VT","48":"WA","12":"WI","49":"WV","50":"WY"},"dem_percent":{"14":0.4473815128,"13":0.3708862517,"15":0.3578756672,"0":0.5015683168,"16":0.6490891136,"17":0.5693831949,"18":0.6019504909,"20":0.9446695385,"19":0.5962674416,"1":0.4830524534,"2":0.5011932966,"21":0.6503266465,"3":0.4581673692,"22":0.3412285707,"23":0.5865904373,"24":0.4180493545,"25":0.4250657174,"26":0.367998971,"27":0.4053555954,"30":0.6711554954,"29":0.6702904705,"28":0.5467040458,"4":0.5141355934,"5":0.5363951365,"32":0.4216417936,"31":0.4161916598,"33":0.4160281991,"8":0.4931579935,"38":0.3278259158,"34":0.4021594775,"7":0.5374834772,"35":0.5807128359,"36":0.5551849015,"6":0.5122311734,"37":0.617271769,"9":0.4592330235,"39":0.330599605,"40":0.5830715699,"10":0.5058920526,"41":0.6059935988,"42":0.4407339125,"43":0.3656522014,"44":0.3817222963,"11":0.4716927876,"45":0.3930639488,"47":0.55154687,"46":0.6829918655,"48":0.5992550318,"12":0.5031906327,"49":0.3020146769,"50":0.2751956562},"rep_percent":{"14":0.5526184872,"13":0.6291137483,"15":0.6421243328,"0":0.4984316832,"16":0.3509108864,"17":0.4306168051,"18":0.3980495091,"20":0.0553304615,"19":0.4037325584,"1":0.5169475466,"2":0.4988067034,"21":0.3496733535,"3":0.5418326308,"22":0.6587714293,"23":0.4134095627,"24":0.5819506455,"25":0.5749342826,"26":0.632001029,"27":0.5946444046,"30":0.3288445046,"29":0.3297095295,"28":0.4532959542,"4":0.4858644066,"5":0.4636048635,"32":0.5783582064,"31":0.5838083402,"33":0.5839718009,"8":0.5068420065,"38":0.6721740842,"34":0.5978405225,"7":0.4625165228,"35":0.4192871641,"36":0.4448150985,"6":0.4877688266,"37":0.382728231,"9":0.5407669765,"39":0.669400395,"40":0.4169284301,"10":0.4941079474,"41":0.3940064012,"42":0.5592660875,"43":0.6343477986,"44":0.6182777037,"11":0.5283072124,"45":0.6069360512,"47":0.44845313,"46":0.3170081345,"48":0.4007449682,"12":0.4968093673,"49":0.6979853231,"50":0.7248043438},"margin":{"14":-0.1052369745,"13":-0.2582274967,"15":-0.2842486656,"0":0.0031366336,"16":0.2981782272,"17":0.1387663898,"18":0.2039009818,"20":0.889339077,"19":0.1925348833,"1":-0.0338950932,"2":0.0023865933,"21":0.3006532929,"3":-0.0836652617,"22":-0.3175428585,"23":0.1731808747,"24":-0.163901291,"25":-0.1498685651,"26":-0.264002058,"27":-0.1892888091,"30":0.3423109908,"29":0.3405809409,"28":0.0934080916,"4":0.0282711869,"5":0.072790273,"32":-0.1567164129,"31":-0.1676166804,"33":-0.1679436018,"8":-0.0136840131,"38":-0.3443481685,"34":-0.1956810449,"7":0.0749669544,"35":0.1614256717,"36":0.110369803,"6":0.0244623468,"37":0.2345435379,"9":-0.081533953,"39":-0.3388007899,"40":0.1661431397,"10":0.0117841052,"41":0.2119871977,"42":-0.118532175,"43":-0.2686955972,"44":-0.2365554074,"11":-0.0566144247,"45":-0.2138721024,"47":0.10309374,"46":0.3659837311,"48":0.1985100637,"12":0.0063812653,"49":-0.3959706463,"50":-0.4496086875}}