{"state_code":{"0":"AK","1":"AL","2":"AR","3":"AZ","4":"CA","5":"CO","6":"CT","7":"DC","8":"DE","9":"FL","10":"GA","11":"HI","12":"IA","13":"ID","14":"IL","15":"IN","16":"KS","17":"KY","18":"LA","19":"MA","20":"MD","21":"ME","22":"MI","23":"MN","24":"MO","25":"MS","26":"MT","27":"NC","28":"ND","29":"NE","30":"NH","31":"NJ","32":"NM","33":"NV","34":"NY","35":"OH","36":"OK","37":"OR","38":"PA","39":"RI","40":"SC","41":"SD","42":"TN","43":"TX","44":"UT","45":"VA","46":"VT","47":"WA","48":"WI","49":"WV","50":"WY"},"biden_percent":{"0":0.6428571429,"1":0.5347593583,"2":0.5454545455,"3":0.544044044,"4":0.5467215098,"5":0.586881473,"6":0.4731707317,"7":0.5584399903,"8":0.8805970149,"9":0.5551571038,"10":0.5558541267,"11":0.5423280423,"12":0.64,"13":0.544973545,"14":0.5643017788,"15":0.4272076372,"16":0.4540540541,"17":0.5346534653,"18":0.5395480226,"19":0.5587029445,"20":0.5466666667,"21":0.5454545455,"22":0.5792988314,"23":0.5474806202,"24":0.5560344828,"25":0.4285714286,"26":0.6129032258,"27":0.5213371266,"28":0.6086956522,"29":0.5103448276,"30":0.5757575758,"31":0.5482546201,"32":0.564,"33":0.5458227848,"34":0.573844577,"35":0.5625,"36":0.5295950156,"37":0.5275423729,"38":0.5755395683,"39":0.6052631579,"40":0.5877659574,"41":0.8333333333,"42":0.5127436282,"43":0.555929667,"44":0.5018181818,"45":0.5311143271,"46":0.6626506024,"47":0.5983026874,"48":0.6108452951,"49":0.6923076923,"50":0.3928571429},"trump_percent":{"0":0.3571428571,"1":0.4652406417,"2":0.4545454545,"3":0.455955956,"4":0.4532784902,"5":0.413118527,"6":0.5268292683,"7":0.4415600097,"8":0.1194029851,"9":0.4448428962,"10":0.4441458733,"11":0.4576719577,"12":0.36,"13":0.455026455,"14":0.4356982212,"15":0.5727923628,"16":0.5459459459,"17":0.4653465347,"18":0.4604519774,"19":0.4412970555,"20":0.4533333333,"21":0.4545454545,"22":0.4207011686,"23":0.4525193798,"24":0.4439655172,"25":0.5714285714,"26":0.3870967742,"27":0.4786628734,"28":0.3913043478,"29":0.4896551724,"30":0.4242424242,"31":0.4517453799,"32":0.436,"33":0.4541772152,"34":0.426155423,"35":0.4375,"36":0.4704049844,"37":0.4724576271,"38":0.4244604317,"39":0.3947368421,"40":0.4122340426,"41":0.1666666667,"42":0.4872563718,"43":0.444070333,"44":0.4981818182,"45":0.4688856729,"46":0.3373493976,"47":0.4016973126,"48":0.3891547049,"49":0.3076923077,"50":0.6071428571},"margin":{"0":0.2857142857,"1":0.0695187166,"2":0.0909090909,"3":0.0880880881,"4":0.0934430196,"5":0.1737629459,"6":-0.0536585366,"7":0.1168799807,"8":0.7611940299,"9":0.1103142077,"10":0.1117082534,"11":0.0846560847,"12":0.28,"13":0.0899470899,"14":0.1286035576,"15":-0.1455847255,"16":-0.0918918919,"17":0.0693069307,"18":0.0790960452,"19":0.1174058889,"20":0.0933333333,"21":0.0909090909,"22":0.1585976628,"23":0.0949612403,"24":0.1120689655,"25":-0.1428571429,"26":0.2258064516,"27":0.0426742532,"28":0.2173913043,"29":0.0206896552,"30":0.1515151515,"31":0.0965092402,"32":0.128,"33":0.0916455696,"34":0.1476891539,"35":0.125,"36":0.0591900312,"37":0.0550847458,"38":0.1510791367,"39":0.2105263158,"40":0.1755319149,"41":0.6666666667,"42":0.0254872564,"43":0.1118593341,"44":0.0036363636,"45":0.0622286541,"46":0.3253012048,"47":0.1966053748,"48":0.2216905901,"49":0.3846153846,"50":-0.2142857143}}