{"biden_percent":0.5575409162,"trump_percent":0.4424590838,"margin":0.1150818324}